<?xml version="1.0" encoding="UTF-8"?>
<project-private xmlns="http://www.netbeans.org/ns/project-private/1">
    <editor-bookmarks xmlns="http://www.netbeans.org/ns/editor-bookmarks/2" lastBookmarkId="0"/>
    <open-files xmlns="http://www.netbeans.org/ns/projectui-open-files/2">
        <group>
            <file>file:/E:/JAVA/lab2/src/bai5/Bao.java</file>
            <file>file:/E:/JAVA/lab2/src/bai5/TapChi.java</file>
            <file>file:/E:/JAVA/lab2/src/bai7/Person.java</file>
            <file>file:/E:/JAVA/lab2/src/bai5/QuanLyTV.java</file>
            <file>file:/E:/JAVA/lab2/src/bai7/Employee.java</file>
            <file>file:/E:/JAVA/lab2/src/bai5/TaiLieu.java</file>
            <file>file:/E:/JAVA/lab2/src/bai4/Mobile.java</file>
            <file>file:/E:/JAVA/lab2/src/bai6/KhachNuocNgoai.java</file>
            <file>file:/E:/JAVA/lab2/src/bai7/Manager.java</file>
            <file>file:/E:/JAVA/lab2/src/bai7/Student.java</file>
            <file>file:/E:/JAVA/lab2/src/bai7/Customer.java</file>
            <file>file:/E:/JAVA/lab2/src/bai6/ManagerCustomers.java</file>
            <file>file:/E:/JAVA/lab2/src/bai5/Sach.java</file>
            <file>file:/E:/JAVA/lab2/src/bai6/KhachHang.java</file>
            <file>file:/E:/JAVA/lab2/src/bai6/KhachVietNam.java</file>
        </group>
    </open-files>
</project-private>
